{
  "continuousImprovement": [
    {
      "stage": "Establish Improvement Framework",
      "subStages": [
        {
          "name": "Define Improvement Objectives",
          "content": [
            "Identify key areas for improvement based on project goals",
            "Set specific, measurable improvement targets",
            "Align improvement objectives with organizational strategies",
            "Prioritize improvement initiatives based on impact and feasibility"
          ]
        },
        {
          "name": "Create Improvement Backlog",
          "content": [
            "Compile improvement ideas from retrospectives and team feedback",
            "Categorize improvements (e.g., process, technical, team dynamics)",
            "Prioritize improvement items",
            "Assign owners to champion each improvement initiative"
          ]
        },
        {
          "name": "Establish Metrics",
          "content": [
            "Define key performance indicators (KPIs) for improvement initiatives",
            "Set up tools and processes for data collection",
            "Establish baselines for each metric",
            "Create dashboards for visualizing improvement progress"
          ]
        },
        {
          "name": "Define Improvement Process",
          "content": [
            "Outline steps for implementing and tracking improvements",
            "Establish regular review cycles for improvement initiatives",
            "Define roles and responsibilities in the improvement process",
            "Create templates for documenting and sharing improvements"
          ]
        }
      ]
    },
    {
      "stage": "Implement Improvements",
      "subStages": [
        {
          "name": "Plan Improvement Sprints",
          "content": [
            "Select improvement items to focus on in upcoming sprints",
            "Break down improvement initiatives into actionable tasks",
            "Allocate time and resources for improvement work",
            "Set clear goals for each improvement sprint"
          ]
        },
        {
          "name": "Execute Improvement Tasks",
          "content": [
            "Implement planned improvement actions",
            "Document progress and challenges",
            "Collect data on improvement metrics",
            "Conduct regular check-ins on improvement tasks"
          ]
        },
        {
          "name": "Test and Validate Improvements",
          "content": [
            "Pilot new processes or practices",
            "Gather feedback from team members and stakeholders",
            "Analyze data to measure impact of improvements",
            "Refine improvements based on feedback and data"
          ]
        },
        {
          "name": "Standardize Successful Improvements",
          "content": [
            "Formalize successful improvements into standard practices",
            "Update relevant documentation and guidelines",
            "Communicate changes to all team members and stakeholders",
            "Provide training or support for new practices as needed"
          ]
        }
      ]
    },
    {
      "stage": "Foster a Culture of Improvement",
      "subStages": [
        {
          "name": "Promote Continuous Learning",
          "content": [
            "Encourage experimentation and innovation",
            "Establish knowledge sharing sessions or forums",
            "Support ongoing skill development and training",
            "Celebrate learning and growth within the team"
          ]
        },
        {
          "name": "Encourage Feedback and Ideas",
          "content": [
            "Create channels for ongoing feedback collection",
            "Implement an idea management system",
            "Recognize and reward improvement suggestions",
            "Foster psychological safety for sharing ideas and concerns"
          ]
        },
        {
          "name": "Lead by Example",
          "content": [
            "Demonstrate commitment to improvement at leadership level",
            "Allocate resources and time for improvement activities",
            "Participate actively in improvement initiatives",
            "Share personal learnings and improvements"
          ]
        },
        {
          "name": "Build Improvement Skills",
          "content": [
            "Provide training on problem-solving techniques",
            "Develop skills in data analysis and metrics",
            "Enhance facilitation skills for improvement workshops",
            "Train team members in change management principles"
          ]
        }
      ]
    },
    {
      "stage": "Review and Adapt",
      "subStages": [
        {
          "name": "Conduct Regular Improvement Reviews",
          "content": [
            "Schedule periodic reviews of improvement initiatives",
            "Analyze trends in improvement metrics",
            "Assess the impact of improvements on overall project performance",
            "Identify successful practices and areas needing further attention"
          ]
        },
        {
          "name": "Gather Stakeholder Feedback",
          "content": [
            "Collect feedback from team members on improvement process",
            "Seek input from external stakeholders on noticeable improvements",
            "Conduct surveys or interviews to gauge satisfaction with changes",
            "Analyze customer feedback for impact of improvements"
          ]
        },
        {
          "name": "Refine Improvement Approach",
          "content": [
            "Adjust improvement objectives based on review findings",
            "Update improvement metrics and measurement methods as needed",
            "Modify the improvement process to increase effectiveness",
            "Reallocate resources based on improvement priorities"
          ]
        },
        {
          "name": "Plan Next Improvement Cycle",
          "content": [
            "Identify focus areas for the next improvement cycle",
            "Set new improvement targets",
            "Update the improvement backlog",
            "Communicate plans for ongoing improvement to the team and stakeholders"
          ]
        }
      ]
    },
    {
      "stage": "Scale and Share Improvements",
      "subStages": [
        {
          "name": "Document Best Practices",
          "content": [
            "Create detailed documentation of successful improvements",
            "Develop case studies of impactful changes",
            "Maintain a knowledge base of improvement initiatives",
            "Update process guides and playbooks with new practices"
          ]
        },
        {
          "name": "Share Learnings Across Teams",
          "content": [
            "Organize knowledge sharing sessions with other teams",
            "Present improvement outcomes at organizational meetings",
            "Contribute to internal newsletters or blogs",
            "Facilitate cross-team improvement workshops"
          ]
        },
        {
          "name": "Mentor Other Teams",
          "content": [
            "Offer guidance to teams starting their improvement journey",
            "Provide coaching on implementing specific improvements",
            "Share tools and templates for improvement processes",
            "Conduct joint retrospectives or improvement planning sessions"
          ]
        },
        {
          "name": "Contribute to Organizational Learning",
          "content": [
            "Participate in organizational process improvement initiatives",
            "Provide feedback on company-wide policies and practices",
            "Suggest improvements to organizational tools and infrastructure",
            "Engage in continuous improvement communities of practice"
          ]
        }
      ]
    }
  ]
}
