{
  "projectInitiation": [
    {
      "stage": "Define Project Goals and Objectives",
      "subStages": [
        {
          "name": "Identify Primary Objectives",
          "content": [
            "Conduct stakeholder interviews",
            "Review organizational strategy",
            "Analyze market trends and competition",
            "Draft initial project objectives"
          ]
        },
        {
          "name": "Establish Measurable Success Criteria",
          "content": [
            "Define key performance indicators (KPIs)",
            "Set quantifiable targets for each objective",
            "Determine measurement methods and frequency",
            "Create a success criteria document"
          ]
        },
        {
          "name": "Ensure Alignment with Organizational Strategy",
          "content": [
            "Map project objectives to strategic goals",
            "Consult with senior management",
            "Adjust objectives if necessary",
            "Document strategic alignment"
          ]
        },
        {
          "name": "Set Realistic Timelines",
          "content": [
            "Break down objectives into milestones",
            "Estimate time requirements for each milestone",
            "Consider resource availability and constraints",
            "Create a high-level project timeline"
          ]
        }
      ]
    },
    {
      "stage": "Identify Key Stakeholders",
      "subStages": [
        {
          "name": "Create Stakeholder Register",
          "content": [
            "Brainstorm potential stakeholders",
            "Categorize stakeholders (e.g., internal, external, primary, secondary)",
            "Document stakeholder names, roles, and contact information",
            "Create a stakeholder register template"
          ]
        },
        {
          "name": "Assess Stakeholder Influence and Interest",
          "content": [
            "Develop stakeholder assessment criteria",
            "Rate each stakeholder's influence and interest",
            "Create a power/interest grid",
            "Identify key stakeholders based on assessment"
          ]
        },
        {
          "name": "Develop Stakeholder Engagement Strategy",
          "content": [
            "Define engagement objectives for each stakeholder",
            "Determine appropriate engagement methods",
            "Create an engagement frequency plan",
            "Assign team members responsible for each stakeholder"
          ]
        },
        {
          "name": "Plan Communication Methods",
          "content": [
            "Identify preferred communication channels for each stakeholder",
            "Create a communication matrix",
            "Develop templates for different types of communications",
            "Set up initial stakeholder meetings"
          ]
        }
      ]
    },
    {
      "stage": "Create Project Charter",
      "subStages": [
        {
          "name": "Define Project Purpose and Justification",
          "content": [
            "Summarize the business need",
            "Explain the project's potential benefits",
            "Outline the consequences of not doing the project",
            "Get sponsor approval on the purpose statement"
          ]
        },
        {
          "name": "Outline High-Level Project Scope",
          "content": [
            "List major deliverables",
            "Define project boundaries",
            "Identify any exclusions or limitations",
            "Create a scope statement"
          ]
        },
        {
          "name": "Identify Key Milestones and Timeline",
          "content": [
            "List major project phases",
            "Set target dates for key milestones",
            "Create a high-level project schedule",
            "Identify any time constraints or deadlines"
          ]
        },
        {
          "name": "List Main Risks and Constraints",
          "content": [
            "Conduct initial risk identification session",
            "Document high-level project constraints",
            "Assess initial risk impact and probability",
            "Outline preliminary risk response strategies"
          ]
        },
        {
          "name": "Specify Budget and Resource Requirements",
          "content": [
            "Estimate high-level project costs",
            "Identify required resources (human, material, equipment)",
            "Outline funding sources",
            "Create a preliminary budget"
          ]
        }
      ]
    },
    {
      "stage": "Establish Design Team Roles and Responsibilities",
      "subStages": [
        {
          "name": "Identify Necessary Roles",
          "content": [
            "List required skills and expertise",
            "Define core team roles (e.g., UX Designer, UI Designer, Design Lead)",
            "Identify supporting roles (e.g., User Researcher, Content Strategist)",
            "Determine optimal team size"
          ]
        },
        {
          "name": "Define Responsibilities for Each Role",
          "content": [
            "Outline key responsibilities for each role",
            "Define expected deliverables per role",
            "Establish performance expectations",
            "Create role description documents"
          ]
        },
        {
          "name": "Create RACI Matrix",
          "content": [
            "List all project activities and deliverables",
            "Assign RACI (Responsible, Accountable, Consulted, Informed) for each item",
            "Review and adjust assignments with team leads",
            "Distribute and explain RACI matrix to team"
          ]
        },
        {
          "name": "Establish Reporting Structures",
          "content": [
            "Define team hierarchy",
            "Establish reporting lines",
            "Set up communication channels within the team",
            "Create an organizational chart for the project"
          ]
        },
        {
          "name": "Plan for Team Training",
          "content": [
            "Assess current team skills",
            "Identify skill gaps",
            "Research training options",
            "Create a training and development plan"
          ]
        }
      ]
    }
  ]
}
