{
  "sprintRetrospective": [
    {
      "stage": "Prepare for Retrospective",
      "subStages": [
        {
          "name": "Set the Stage",
          "content": [
            "Choose an appropriate location or virtual platform for the meeting",
            "Prepare necessary materials (e.g., sticky notes, whiteboard, digital collaboration tools)",
            "Review the previous retrospective's action items and their status",
            "Collect relevant sprint metrics and data to inform the discussion"
          ]
        },
        {
          "name": "Define Retrospective Goals",
          "content": [
            "Identify specific objectives for the retrospective session",
            "Choose a focus area if there are particular concerns to address",
            "Select an appropriate retrospective format or technique",
            "Prepare an agenda and timeboxes for each activity"
          ]
        },
        {
          "name": "Gather Initial Feedback",
          "content": [
            "Send out a pre-retrospective survey to collect initial thoughts",
            "Ask team members to come prepared with specific examples and ideas",
            "Review any ongoing issues from previous retrospectives",
            "Identify any external factors that significantly impacted the sprint"
          ]
        },
        {
          "name": "Create a Safe Environment",
          "content": [
            "Remind the team of the retrospective's purpose and importance",
            "Establish or review ground rules for open and honest communication",
            "Prepare ice-breaker activities to set a positive tone",
            "Ensure all team members can participate equally"
          ]
        }
      ]
    },
    {
      "stage": "Conduct Retrospective Meeting",
      "subStages": [
        {
          "name": "Open the Retrospective",
          "content": [
            "Welcome the team and reiterate the purpose of the retrospective",
            "Review the agenda and retrospective format",
            "Conduct an ice-breaker activity to energize the team",
            "Set the tone for open, honest, and constructive discussion"
          ]
        },
        {
          "name": "Gather Data",
          "content": [
            "Use chosen technique to collect feedback (e.g., Start-Stop-Continue, 4Ls, Mad-Sad-Glad)",
            "Encourage all team members to share their perspectives",
            "Record all ideas and observations without judgment",
            "Ensure both positive aspects and areas for improvement are captured"
          ]
        },
        {
          "name": "Generate Insights",
          "content": [
            "Group similar ideas and observations together",
            "Identify patterns and trends in the feedback",
            "Discuss root causes of recurring issues",
            "Highlight key strengths and successful practices"
          ]
        },
        {
          "name": "Decide on Actions",
          "content": [
            "Prioritize the most important areas for improvement",
            "Brainstorm potential solutions and actions",
            "Select specific, achievable action items",
            "Assign owners and timelines for each action item"
          ]
        }
      ]
    },
    {
      "stage": "Address Team Dynamics",
      "subStages": [
        {
          "name": "Evaluate Collaboration",
          "content": [
            "Discuss how well the team worked together during the sprint",
            "Identify any communication breakdowns or conflicts",
            "Recognize positive examples of teamwork and support",
            "Explore ways to improve team cohesion and trust"
          ]
        },
        {
          "name": "Review Roles and Responsibilities",
          "content": [
            "Discuss the effectiveness of current role assignments",
            "Identify any gaps or overlaps in responsibilities",
            "Consider rotations or changes in roles if beneficial",
            "Ensure all team members are clear on their responsibilities"
          ]
        },
        {
          "name": "Assess Work-Life Balance",
          "content": [
            "Discuss any concerns about workload or stress levels",
            "Review overtime or after-hours work during the sprint",
            "Identify ways to improve efficiency and reduce unnecessary pressure",
            "Ensure the team is maintaining a healthy work-life balance"
          ]
        },
        {
          "name": "Foster Continuous Learning",
          "content": [
            "Discuss opportunities for skill development and knowledge sharing",
            "Identify areas where additional training might be beneficial",
            "Encourage mentoring and pair programming practices",
            "Plan for incorporating learning activities into future sprints"
          ]
        }
      ]
    },
    {
      "stage": "Reflect on Agile Practices",
      "subStages": [
        {
          "name": "Evaluate Scrum Events",
          "content": [
            "Discuss the effectiveness of daily stand-ups",
            "Review the sprint planning process and its outcomes",
            "Assess the value and format of sprint reviews",
            "Identify improvements for future retrospectives"
          ]
        },
        {
          "name": "Analyze Sprint Metrics",
          "content": [
            "Review sprint velocity and discuss any significant changes",
            "Evaluate the accuracy of story point estimations",
            "Discuss any trends in bug rates or technical debt",
            "Identify metrics that could provide additional insights"
          ]
        },
        {
          "name": "Review Definition of Done",
          "content": [
            "Assess adherence to the current Definition of Done",
            "Discuss any challenges in meeting the Definition of Done",
            "Consider updates or clarifications to the Definition of Done",
            "Ensure the Definition of Done aligns with quality expectations"
          ]
        },
        {
          "name": "Optimize Backlog Management",
          "content": [
            "Discuss the effectiveness of backlog refinement sessions",
            "Review the quality and clarity of user stories",
            "Assess the prioritization process for backlog items",
            "Identify ways to improve backlog management"
          ]
        }
      ]
    },
    {
      "stage": "Conclude Retrospective",
      "subStages": [
        {
          "name": "Summarize Key Outcomes",
          "content": [
            "Recap the main points discussed during the retrospective",
            "Review the list of action items and their owners",
            "Ensure there is a clear plan for implementing improvements",
            "Highlight positive aspects and team achievements"
          ]
        },
        {
          "name": "Get Team Commitment",
          "content": [
            "Confirm team agreement on action items",
            "Discuss how progress on action items will be tracked",
            "Encourage team members to support each other in implementing changes",
            "Reiterate the importance of continuous improvement"
          ]
        },
        {
          "name": "Plan Follow-up",
          "content": [
            "Schedule check-ins on action item progress",
            "Decide how to communicate retrospective outcomes to stakeholders",
            "Plan for revisiting long-term or ongoing issues in future retrospectives",
            "Set a tentative date for the next retrospective"
          ]
        },
        {
          "name": "Gather Feedback on the Retrospective",
          "content": [
            "Ask team members for feedback on the retrospective format",
            "Discuss what worked well and what could be improved",
            "Consider trying new retrospective techniques in the future",
            "Thank the team for their participation and openness"
          ]
        }
      ]
    }
  ]
}
